島村楽器株式会社,島村元紹
未来工業株式会社,山田雅裕
株式会社シュゼット,蟻田剛毅
日本電子株式会社,栗原権右衛門
株式会社カクヤス,佐藤順一
ブックオフコーポレーション株式会社,松下展千
テラモーターズ株式会社,徳重徹
株式会社ププレひまわり,梶原秀樹
株式会社銀蔵,香坂伸治
株式会社イーブックイニシアティブジャパン,小出斉
竹下製菓株式会社,竹下敏昭
メディシノバ・インク,岩城裕一
クニヒロ株式会社,川崎育造
株式会社ジャパネットたかた,高田旭人
株式会社買取王国,長谷川和夫
株式会社ねぎしフードサービス,根岸榮治
森下仁丹株式会社,駒村純一
アマノ機工株式会社,天野博道
株式会社シーズメン,椛島正司
株式会社オンリー,中西　浩一
株式会社日本パープル,林壮之介
株式会社インタートレード,尾崎孝博
株式会社フォーシーズ,淺野秀則
株式会社ひょうたんや,中嶋和義
株式会社ハウスドゥ,安藤 正弘
アイリスオーヤマ株式会社,大山健太郎
燦ホールディングス株式会社,古内 耕太郎
東京トランス株式会社,水野剛宏
株式会社グラム,中川一光
株式会社プロレスリング・ノア,田上明
株式会社オンライフ,持丸正裕
ウエスギ株式会社,上杉繁樹
株式会社JP Links,中村 景太
ジェイコムホールディングス株式会社,岡本泰彦
株式会社ウォーターダイレクト,伊久間努
株式会社カスタムジャパン,村井基輝
オリックスレンタカー栃木株式会社,矢嶋史朗
株式会社ガイアコミュニケーションズ,栗原弘樹
国際産業技術株式会社,立花和昭
株式会社ニューオーダー,青山直樹
ディーアンドエイチ株式会社,坂口　剛彦
青森トヨペット株式会社,安田 亮
株式会社新堀製作所,新堀寛
株式会社平安,山本泰
株式会社マックスガイ,矢内芳則
株式会社SAL,魚住琢
株式会社メイクス,仲村周作
日本工装株式会社,池谷隆司
株式会社マネージビジネス,檜物茂
株式会社Sekinet,関根義光
新星商事株式会社,花井祐平
株式会社SBC,菅野高弘
インタセクト・コミュニケーションズ株式会社,譚玉峰
株式会社パールトーン,由本敏次
株式会社ワンプロテクト,高村一成
株式会社 久原本家グループ本社,河邉哲司
株式会社現代建築研究所,飯田修一
吉野化成株式会社,吉野孝典
株式会社中村土木建設,中村陽公
株式会社パラディアム,笹森 俊夫
株式会社マッツワークス,松本吉幸
株式会社佐田,佐田 展隆
全国健康生活普及会／日本カイロプラクティック 連合会,岩間信憲
アスクル株式会社,岩田彰一郎
株式会社一心亭,小野敦司
株式会社Rooters,土居宏次
（株）フォーラムエイト,伊藤裕二
株式会社秋山製作所,中島孝夫
株式会社丸三電機,竹村元秀
グローバル・エデュケーションアンドトレーニング・コンサルタンツ株式会社,布留川勝
株式会社フューチャーブレーン,佐藤剛
株式会社セルビー,松谷稔哉
有限会社アキダイ,秋葉弘道
株式会社スカイ,森田崇
株式会社清家石材工業,清家伸二
株式会社日本ワークス,鎌田勇人
株式会社マエノ薬局,前納秀夫
株式会社シタシオンジャパン,小出紘道
株式会社スタートトゥデイ,前澤友作
カルチュア・コンビニエンス・クラブ株式会社,増田宗昭
株式会社山善,吉居亨
株式会社G-7ホールディングス,金田達三
アイティメディア株式会社,大槻利樹
綜合警備保障株式会社,村井温
株式会社ベリテ,平野和良
オリジナル設計株式会社,菅伸彦
株式会社インテリジェントウェイブ,山本祥之
株式会社ガーラ,菊川曉
株式会社サカタのタネ,坂田宏
ソフトブレーン株式会社,豊田浩文
株式会社スペースシャワーネットワーク,清水英明
株式会社日本トリム,森澤紳勝
株式会社オークファン,武永修一
協立電機株式会社,西雅寛
株式会社シーラ,湯藤善行
株式会社ニイタカ,奥山吉昭
株式会社ジェイエスエス,藤木孝夫
ラクオリア創薬株式会社,谷直樹
アドソル日進株式会社,上田富三
さくらインターネット株式会社,田中邦裕
株式会社enish,杉山全功
株式会社メドレックス,松村眞良
株式会社キングジム,宮本彰
 麻生フオームクリート株式会社,河村洋介
株式会社エリアクエスト,清原雅人
幼児活動研究会株式会社,山下孝一
株式会社デジタルデザイン,寺井和彦 
株式会社ゴーゴーカレーグループ,宮森宏和
株式会社ディスコ,夏井丈俊
株式会社アイスタイル,吉松徹郎
株式会社ベーシック,秋山勝
株式会社ドトールコーヒー,鳥羽博道
株式会社カプコン,辻本憲三
KLab株式会社,真田哲弥
株式会社ワークスアプリケーションズ,牧野正幸
健康コーポレーション株式会社,瀬戸健
株式会社トランスジェニック,福永健司
地盤ネット株式会社,山本強
イートアンド株式会社,文野直樹
株式会社ユニバーサル園芸社,森坂拓実
株式会社バルニバービ,佐藤裕久
株式会社ハブ,太田剛
株式会社オールアバウト,江幡哲也
株式会社IBJ,石坂茂
株式会社アドバンスト・メディア,鈴木清幸
株式会社ネクシィーズ,近藤太香巳
株式会社エニグモ,須田将啓
株式会社リブセンス,村上太一
株式会社ユーグレナ,出雲充
株式会社ビケンテクノ,梶山龍誠
株式会社ビジョン,佐野健一
株式会社ポジティブドリームパーソンズ,杉元崇将
株式会社東京デリカ,木山剛史
株式会社エー・ピーカンパニー,米山 久
株式会社 ティーケーピー,河野貴輝
株式会社きちり,平川 昌紀
株式会社パソナ　パソナキャリアカンパニー,渡辺尚
クリスピー・クリーム・ドーナツ・ジャパン株式会社,岡本光太郎
gCストーリー株式会社,西坂勇人
株式会社ライドオン・エクスプレス,江見朗
株式会社ベアーズ,髙橋健志
サクセスホールディングス株式会社,柴野豪男
東京衣裳株式会社,川田真之
株式会社スリーイーコーポレーション,北中彰
株式会社エボラブル アジア,吉村英毅
日本管理センター株式会社,武藤英明
らでぃっしゅぼーや株式会社,緒方大助
株式会社桑山,桑山貴洋
サンコーテクノ株式会社,洞下英人
クラウドゲート株式会社,藤田一郎
株式会社Con Spirito,村上幸生
日本ATM株式会社,中野裕
Kaseya Japan株式会社,北原信之
株式会社日本M&Aセンター,三宅卓
株式会社J-Payment,清久健也
株式会社ピーズスタッフ,山本欣子
株式会社船橋屋,渡辺雅司
株式会社インターアクション,木地英雄
株式会社リヴァンプ,澤田貴司
株式会社まんだらけ,古川益蔵
株式会社アドウェイズ,岡村陽久
株式会社ルネサンス,吉田正昭
株式会社ソシエ・ワールド,須藤政子
はるやま商事株式会社,治山正史
株式会社リンクアンドモチベーション,小笹芳央
ターボリナックス株式会社,矢野広一
ULSグループ株式会社,漆原茂
株式会社フジコー,小林直人
株式会社ベクター,梶並伸博
サイボウズ株式会社,青野慶久
株式会社バックスグループ,岡田努
プラネックスホールディング株式会社,久保田克昭
株式会社リアルビジョン,杉山尚志
株式会社ダイヤモンドダイニング,松村厚久
株式会社中京医薬品,山田正行
株式会社トラスト,伊藤 誠英
株式会社クリムゾン,徳田充孝
シンワアートオークション株式会社,倉田陽一郎
株式会社ベンチャーリパブリック,柴田啓
株式会社銀座山形屋,山形政弘
株式会社ワットマン,清水一郷
Mipox株式会社,渡邉淳
株式会社ゴルフパートナー,石田純哉
株式会社ＮＦＫホールディングス,城寳豊
株式会社山田債権回収管理総合事務所,山田晃久
SBIネットシステムズ株式会社,内山昌秋
鉱研工業株式会社,末永幸紘
東部ネットワーク株式会社,芦原一義 
株式会社翻訳センター,東郁男
テックファーム株式会社,筒井雄一朗
株式会社ネットワークバリューコンポネンツ,渡部進
アップルインターナショナル株式会社,高田祐二
株式会社プラネット,玉生弘昌
株式会社システム・テクノロジー・アイ,松岡秀紀
株式会社ダイセキ環境ソリューション,二宮利彦
株式会社極楽湯,新川隆丈
日本フォームサービス株式会社,山下岳英
株式会社ピーシーデポコーポレーション,野島隆久
株式会社ぐるなび,久保征一郎
株式会社ディーバ,森川徹治
ケイティケイ株式会社,伊藤主計
株式会社セキュアヴェイル,米今政臣
株式会社ツクイ,津久井督六
ネオス株式会社,池田昌史
株式会社エイチアイ,川端一生
モジュレ株式会社,松村明
ウィルソン・ラーニング ワールドワイド株式会社,関根秀昭
株式会社ノバレーゼ,浅田剛治
株式会社ペッパーフードサービス,一瀬邦夫
株式会社星医療酸器,星幸男
ディーブイエックス株式会社,若林誠
ネクストウェア株式会社,豊田崇克
GCAサヴィアングループ株式会社,渡辺章博
株式会社ケイブ,高野健一
ヴィンキュラム　ジャパン株式会社,城田正昭
日本プロセス株式会社,大部仁
株式会社ソフトクリエイト,林宗治
株式会社EMCOMホールディングス,羽田寛
株式会社ロジコム,本荘良一
株式会社エルモ社,竹内清
株式会社メディネット,木村佳司
株式会社オウケイウェイヴ,兼元謙任
株式会社テンポスバスターズ,森下篤史
株式会社データ・アプリケーション,橋本慶太
KFE JAPAN株式会社,原田隆朗
株式会社フォーバル,大久保秀夫
株式会社三栄建築設計,小池信三
日本精密株式会社,岡林博
株式会社アイティーブレーン,伊藤隆教
株式会社ピックルスコーポレーション,荻野芳朗
株式会社イマジンプラス,笹川 祐子
株式会社エヌシーネットワーク,内原康雄
株式会社サイバークエストコーポレーション,別府秀児朗
株式会社ヘッドウォータース,篠田庸介
ピースマインド･イープ株式会社,荻原国啓
株式会社アースホールディングス,國分利治
株式会社トモ,飯田和人
株式会社イノベーション,富田直人
株式会社メビウス,坂本淳
際コーポレーション株式会社,中島武
株式会社ウィッシュ,高野優
ミネルヴァ・ホールディングス株式会社,中島成浩
リアルコム株式会社,谷本肇
リスクモンスター株式会社,菅野健一
レカムホールディングス株式会社,伊藤秀博
ベリトランス株式会社,沖田貴史
株式会社リミックスポイント,吉川登
ロングライフホールディング株式会社,遠藤正一
三光ソフランホールディングス株式会社,高橋誠一
株式会社FILM,滝野雅久
株式会社ＩＧポート,石川光久
株式会社銀座ルノアール ,小宮山文男
株式会社物語コーポレーション,小林佳雄
株式会社ビューティ花壇,三島美佐夫
比較.ｃｏｍ株式会社,渡邉哲男
株式会社ディア・ライフ,阿部幸広
株式会社A.Cホールディングス,小林 壮貴
日本マニュファクチャリングサービス株式会社,小野文明
株式会社エスプール,浦上 壮平
株式会社ナ・デックス,桑原敏郎
株式会社MICメディカル,間瀬正三
株式会社九九プラス,深堀 髙巨
ネットイヤーグループ株式会社,石黒不二代
株式会社コシダカホールディングス,腰高博
株式会社SBI証券,井土太良
シナジーマーケティング株式会社,谷井等
日本開閉器工業株式会社,大橋 智成
システム・ロケーション株式会社,千村岳彦
株式会社ネクスト,井上高志
サイオステクノロジー株式会社,喜多伸夫
株式会社アルトナー,関口相三
株式会社CDG,藤井勝典
株式会社ネクストジェン,大西新二
eBASE株式会社,常包浩司
株式会社ジャストプランニング,鈴木崇宏
株式会社ゲオディノス,藤直樹
サムシングホールディングス株式会社,前  俊守
株式会社ゲームポット,植田修平
株式会社ギガプライズ ,下津弘享
アルファグループ株式会社,上 岳史
株式会社アルク,平本照麿
株式会社ヒップ,田中吉武
株式会社マネーパートナーズグループ,奥山泰全
ケンコーコム株式会社,後藤玄利
株式会社サダマツ,貞松隆弥
株式会社ガイアックス,上田祐司
GMOクラウド株式会社,青山満
株式会社アエリア,長嶋貴之
株式会社クイック,和納勉
株式会社ビットアイル,寺田航平
株式会社ゼットン,稲本健一
株式会社インタースペース,河端伸一郎
株式会社パイプドビッツ,佐谷宣昭
株式会社さかい,緒方智
株式会社ドリコム,内藤裕紀
株式会社ゴルフダイジェスト・オンライン,石坂 信也
日本和装ホールディングス株式会社,吉田重久
株式会社インフォメーションクリエーティブ,山田亨
株式会社駐車場綜合研究所,大嶋翼
株式会社日本一ソフトウェア,北角浩一
